MinTemp,MaxTemp,Rainfall,WindGustSpeed,WindSpeed9am,WindSpeed3pm,Humidity9am,Humidity3pm,Pressure9am,Pressure3pm,Temp9am,Temp3pm,RainTomorrow
8.0,15.5,0.0,46,17,37,50,62,1020.3,1017.7,13.9,15.0,0
12.7,20.5,0.0,37,20,13,52,63,1015.8,1015.5,17.7,19.5,0
14.2,20.0,1.4,35,7,11,86,90,1015.7,1012.6,16.5,18.0,0
15.0,27.1,0.0,39,17,17,53,38,1017.8,1019.0,17.4,25.8,0
16.5,21.9,0.4,35,9,17,59,54,1020.9,1020.6,21.3,21.0,0
9.7,18.5,5.8,17,7,2,94,44,1016.7,1013.9,11.2,17.8,0
3.5,15.2,0.6,20,2,13,91,69,1032.3,1031.1,7.2,14.0,0
10.4,25.4,0.0,35,2,17,80,57,1026.6,1025.0,15.2,25.1,0
13.4,31.0,0.0,35,6,22,68,43,1014.5,1012.0,23.6,28.4,0
10.5,18.9,2.4,39,15,22,53,50,1021.6,1019.9,15.9,18.3,0
17.8,26.0,0.0,33,17,26,75,61,1019.5,1018.5,20.6,24.7,0
9.5,26.8,0.2,24,6,7,79,35,1018.5,1014.3,14.2,23.9,0
20.4,31.8,0.0,56,7,41,60,41,1012.6,1009.0,25.4,30.7,0
17.5,26.1,0.2,28,11,13,62,66,1015.4,1009.0,22.3,23.1,0
18.4,26.8,0.0,72,44,35,32,47,1008.1,1010.0,20.4,23.6,0
13.0,25.8,0.0,80,22,33,54,33,1004.7,999.8,15.5,24.6,0
21.3,32.9,10.0,33,4,15,74,41,1002.2,999.1,27.2,32.4,0
12.4,20.7,0.2,19,4,4,75,62,1030.0,1026.4,16.7,19.8,0
15.6,23.3,14.4,52,37,33,56,51,1017.2,1016.7,19.8,21.1,0
12.5,22.8,0.2,28,11,11,57,40,1026.4,1024.1,17.5,22.1,0
12.6,17.2,1.8,43,0,19,92,77,1005.7,1004.3,13.4,16.3,0
18.2,34.9,0.0,67,11,26,47,25,1013.5,1012.5,25.1,33.7,0
5.8,17.3,6.4,33,20,7,61,34,1028.9,1025.4,11.7,16.9,0
14.1,24.6,0.0,46,20,17,50,29,1016.9,1014.2,15.1,22.5,0
17.0,30.8,0.0,31,0,9,72,35,1016.4,1014.1,22.6,30.3,0
10.3,22.1,0.0,85,56,46,44,37,1022.9,1018.3,16.1,21.3,0
22.3,32.3,0.0,35,9,20,64,45,1016.0,1011.5,27.8,31.4,0
7.8,13.2,4.8,43,28,22,78,72,1012.0,1012.8,11.1,11.2,0
11.0,17.8,0.8,24,11,11,86,61,1018.8,1016.8,11.6,16.7,0
8.3,22.6,0.0,46,28,35,59,41,1015.8,1012.5,13.6,19.6,0
10.2,20.4,0.0,46,15,26,79,40,1012.6,1012.4,14.5,18.8,0
15.1,33.6,0.0,52,9,22,52,16,1019.4,1016.2,20.6,32.9,0
14.8,21.0,9.8,50,31,22,70,71,1006.3,1007.9,18.5,18.5,0
9.6,26.3,0.2,43,11,20,93,38,1034.1,1030.7,13.1,24.6,0
13.1,30.5,0.0,44,7,24,61,27,1007.5,1006.6,21.8,30.2,0
21.0,37.7,0.0,59,11,22,24,12,1010.0,1008.4,30.3,37.0,0
11.3,24.0,0.8,44,22,28,58,34,1021.0,1019.2,16.5,23.5,0
12.1,27.8,0.0,41,7,11,66,33,1024.8,1023.1,17.8,27.0,0
8.2,17.9,0.0,24,7,4,57,44,1023.8,1023.8,14.1,17.2,0
1.3,11.7,0.0,28,15,15,99,58,1027.9,1024.8,3.8,11.2,0
16.6,33.4,0.0,44,15,19,59,11,1012.5,1009.5,20.4,31.8,0
14.5,18.9,3.8,50,33,24,71,76,1021.3,1020.8,17.9,18.2,0
17.3,29.6,0.0,28,20,19,72,57,1015.4,1011.5,22.7,27.9,0
23.6,31.1,0.0,33,9,19,61,69,1013.4,1010.1,29.7,29.5,0
12.5,25.4,0.0,13,6,6,82,31,1021.7,1019.1,16.1,24.4,0
3.3,17.9,0.0,17,7,9,86,47,1025.8,1022.1,7.0,16.8,0
5.1,20.5,0.2,44,13,24,91,35,1026.5,1024.7,8.4,19.3,0
27.2,39.9,0.0,46,20,26,41,21,1016.2,1014.0,31.1,38.3,0
3.8,14.5,7.6,81,13,11,46,28,1010.2,1012.8,9.5,14.3,0
13.6,17.8,3.6,31,13,15,94,70,1020.6,1020.7,15.5,15.8,0
6.7,12.6,12.0,24,4,6,100,77,1018.8,1016.3,9.4,11.9,0
4.0,19.1,0.0,30,6,11,69,46,1024.8,1022.0,11.9,18.5,0
8.7,15.1,5.2,83,52,48,54,44,1013.1,1012.3,13.1,14.8,0
6.9,12.6,10.6,39,17,24,90,82,1013.7,1017.3,9.5,11.5,0
7.5,10.4,0.0,44,24,24,92,76,1028.7,1027.0,7.8,9.0,0
15.2,21.0,0.0,41,13,15,55,60,1017.5,1017.9,17.6,18.3,0
3.2,17.5,0.0,28,20,4,68,39,1030.1,1029.2,9.3,17.0,0
9.3,24.7,0.0,85,15,30,52,18,1015.3,1009.0,14.8,24.0,0
12.4,31.2,0.0,28,2,15,26,17,1014.2,1010.7,23.0,30.5,0
6.7,23.6,0.0,43,22,26,50,41,1023.4,1021.5,18.8,21.6,0
2.0,12.1,0.5,24,9,4,78,44,1018.4,1019.5,5.5,10.8,0
3.6,13.3,0.8,30,15,17,94,66,1024.0,1024.7,7.4,12.5,0
15.8,23.6,0.0,41,15,20,69,42,1013.0,1013.5,17.0,22.1,0
8.1,25.9,0.0,50,35,24,18,8,1022.0,1016.9,18.6,25.3,0
7.7,19.8,0.0,31,11,11,54,39,1017.4,1015.1,14.2,19.6,0
11.0,30.3,0.0,30,7,9,67,22,1009.0,1007.1,20.0,28.6,0
17.6,21.4,0.0,35,9,19,93,89,1012.6,1013.7,19.3,19.2,0
6.2,11.9,1.4,59,11,35,83,50,1011.2,1010.6,9.1,10.6,0
9.5,17.9,0.0,31,9,7,61,52,1016.1,1015.7,13.6,16.9,0
16.9,35.5,0.0,54,7,22,75,75,1010.4,1007.7,23.7,23.4,0
6.1,29.9,0.2,41,2,17,100,55,1013.2,1015.5,16.0,21.8,0
16.3,34.4,0.0,59,31,19,44,16,1015.0,1010.5,22.9,32.7,0
13.5,27.4,0.0,54,19,31,43,27,1017.7,1012.4,19.6,25.6,0
11.7,18.0,0.4,31,9,11,81,66,1020.4,1019.4,14.2,17.8,0
21.0,29.1,0.0,35,24,28,80,69,1016.9,1015.8,23.6,26.8,0
5.2,17.2,0.0,24,15,11,77,29,1031.5,1028.1,7.8,16.9,0
10.4,18.2,0.0,39,11,19,51,59,1011.8,1010.3,14.8,15.2,0
8.8,23.8,0.0,28,9,15,63,43,1022.5,1017.9,15.4,22.6,0
9.2,21.5,0.0,24,9,15,51,72,1019.5,1015.9,20.6,19.9,0
13.5,24.4,0.0,48,26,17,31,29,1012.6,1010.6,17.3,21.7,0
25.0,33.0,0.6,33,9,24,54,45,1006.9,1002.9,30.3,32.0,0
12.9,20.1,0.2,39,28,20,94,65,1020.7,1020.1,13.2,18.8,0
18.3,29.2,1.8,43,26,17,71,60,1019.0,1017.0,22.4,26.8,0
2.7,19.6,0.0,31,0,11,100,37,1018.2,1012.6,7.8,18.8,0
8.6,34.9,0.0,50,20,22,20,13,1013.8,1010.5,25.0,33.1,0
17.4,32.4,0.0,43,15,20,20,9,1014.7,1011.7,22.4,31.5,0
4.1,24.1,0.0,37,7,19,73,34,1012.4,1007.2,12.7,23.8,0
2.5,18.6,0.0,22,4,13,66,37,1027.2,1023.2,9.3,17.9,0
9.9,20.0,0.0,50,2,24,51,36,1012.5,1008.9,15.5,19.1,0
15.1,33.9,0.0,50,24,26,46,23,1021.4,1017.6,22.2,32.7,0
7.8,17.9,0.0,37,20,24,53,44,1024.6,1022.5,14.8,17.0,0
14.9,25.8,0.0,33,13,24,45,52,1021.2,1017.3,21.7,24.7,0
12.5,29.5,0.0,30,17,2,56,27,1014.6,1010.4,21.7,29.3,0
9.9,30.6,0.0,39,17,7,47,15,1020.4,1017.6,17.7,28.8,0
8.0,13.2,0.2,56,30,33,81,68,1018.0,1018.5,10.4,12.2,0
5.7,17.3,0.0,43,22,15,45,25,1029.5,1025.8,10.2,17.1,0
24.5,31.0,0.0,30,13,19,70,60,1013.2,1010.4,27.6,30.6,0
14.5,27.0,0.0,57,22,26,42,33,1019.6,1014.0,20.8,26.0,0
17.6,27.1,0.0,33,17,24,72,64,1019.0,1015.9,24.3,25.9,0
12.5,24.0,0.0,26,7,7,72,54,1017.6,1015.4,18.6,22.2,0
5.0,28.4,0.0,33,11,20,36,15,1017.3,1014.5,16.7,26.8,0
1.9,21.6,0.0,37,22,9,61,24,1021.6,1018.7,12.1,20.8,0
13.0,26.8,0.0,31,7,15,44,17,1018.9,1016.5,19.9,26.4,0
13.3,26.9,0.0,50,24,28,54,35,1020.6,1018.6,17.2,25.0,0
2.2,14.0,0.4,30,11,13,85,37,1022.3,1022.9,5.9,13.4,0
16.5,30.2,0.0,33,11,20,61,52,1011.7,1011.4,24.0,27.2,0
23.1,35.7,0.0,26,6,11,50,39,1003.7,1001.3,27.7,33.5,0
0.2,14.5,0.0,19,2,6,80,33,1027.5,1026.0,5.1,13.8,0
10.9,19.7,0.0,33,22,20,41,44,1014.2,1011.8,16.6,19.1,0
23.2,30.8,1.8,41,15,19,75,61,1009.8,1006.7,26.7,29.1,0
4.8,17.6,0.0,22,7,9,99,57,1023.9,1018.8,8.9,16.0,0
11.5,28.4,0.0,37,20,11,50,26,1020.4,1017.4,19.3,26.7,0
8.8,23.2,0.0,39,24,19,71,40,1016.3,1011.7,13.4,22.1,0
13.3,35.4,0.0,26,15,11,51,13,1023.1,1019.7,18.6,32.8,0
12.3,24.7,0.2,31,13,13,62,45,1015.7,1014.0,16.9,23.0,0
4.3,23.0,0.0,46,7,20,53,20,1022.2,1018.9,13.5,22.1,0
22.2,26.7,0.0,26,15,7,43,37,1014.9,1013.7,23.2,25.6,0
1.6,16.3,0.0,24,4,15,74,43,1020.7,1019.5,6.9,16.2,0
12.5,26.1,0.0,28,6,15,47,31,1020.6,1016.9,21.6,24.8,0
6.5,13.5,2.8,35,17,19,88,74,1023.4,1023.8,8.9,13.3,0
12.1,25.7,0.0,46,15,22,59,28,1015.3,1013.4,16.6,23.7,0
13.4,29.6,2.6,39,24,13,76,48,1013.5,1010.6,19.8,27.5,0
13.9,29.1,0.0,31,9,15,66,27,1022.8,1019.6,17.6,27.5,0
5.0,17.2,0.0,31,19,20,71,38,1032.6,1030.5,10.2,16.6,0
8.9,28.6,0.0,41,4,20,64,24,1017.1,1011.3,16.3,27.7,0
14.6,35.2,0.0,59,28,33,27,18,1014.5,1010.7,24.8,32.5,0
6.2,18.3,0.0,22,6,13,94,53,1031.1,1029.0,10.7,17.5,0
15.1,27.1,15.8,39,17,20,74,31,1007.5,1007.9,17.2,26.1,0
6.6,17.5,0.0,20,0,9,100,75,1018.8,1016.2,12.9,15.6,0
7.8,13.8,0.0,22,6,9,64,58,1028.2,1025.6,10.3,13.6,0
7.7,23.5,0.0,37,9,22,87,48,1026.8,1025.3,13.5,22.2,0
11.0,14.6,1.0,87,35,31,65,41,1012.3,1018.3,11.4,13.5,0
6.2,12.8,3.0,31,6,13,94,63,1019.4,1019.0,9.0,12.2,0
11.9,17.1,28.2,50,13,15,62,58,1019.9,1019.2,12.7,16.6,0
5.8,18.6,0.6,52,26,30,67,49,1019.3,1014.4,11.2,18.2,0
7.1,23.6,0.0,24,13,7,68,32,1025.1,1021.6,12.8,22.6,0
3.9,14.3,1.2,54,28,24,59,55,1024.4,1026.2,10.3,11.3,0
14.4,19.2,0.2,31,17,17,66,63,1025.0,1022.4,16.5,17.2,0
16.7,38.3,0.0,76,13,20,22,13,1010.1,1006.2,29.9,37.4,0
5.1,19.5,0.0,31,11,11,66,40,1033.2,1030.2,11.5,19.0,0
25.5,31.8,0.0,30,7,17,81,69,1007.1,1004.4,28.9,30.6,0
24.6,32.2,0.0,33,13,15,79,62,1013.8,1011.1,26.9,30.4,0
4.4,15.2,0.0,56,28,31,76,41,1015.5,1012.1,6.5,14.6,0
10.9,16.8,0.2,43,19,19,60,70,1032.6,1031.2,14.2,15.0,0
10.1,18.0,1.8,26,7,15,83,62,1029.5,1026.3,12.9,16.5,0
8.1,18.7,0.0,33,11,30,66,65,1028.2,1024.2,13.5,15.6,0
8.9,21.8,0.0,37,13,7,61,30,1014.1,1010.5,14.1,20.5,0
17.5,32.1,0.0,46,24,11,48,14,1016.4,1011.7,24.2,30.7,0
11.4,26.1,0.0,35,9,7,39,25,1013.1,1008.9,17.2,25.7,0
16.8,32.5,0.0,50,17,28,51,28,1016.1,1011.4,22.1,31.6,0
17.0,30.3,0.0,41,24,15,28,20,1016.4,1012.4,20.4,29.2,0
9.9,25.4,0.0,33,2,20,72,36,1016.5,1012.0,16.8,24.8,0
7.3,24.4,0.0,31,7,20,86,37,1016.2,1013.5,12.9,23.2,0
13.3,21.7,0.0,35,11,13,54,44,1020.3,1017.9,15.5,21.0,0
3.2,18.3,0.0,22,0,11,99,52,1033.1,1029.1,8.2,17.8,0
13.4,19.0,1.0,41,19,30,82,73,1020.6,1018.5,16.4,17.3,0
21.9,30.3,0.0,26,9,11,57,49,1015.2,1012.6,25.1,28.2,0
9.6,26.8,0.0,33,7,20,57,38,1020.9,1017.5,19.3,24.8,0
18.6,31.3,0.0,52,19,22,41,32,1019.6,1017.4,25.4,31.2,0
4.8,16.1,2.4,20,0,11,99,69,1031.7,1029.8,10.0,14.7,0
12.5,18.9,22.4,28,9,11,86,67,1014.8,1014.1,13.8,17.9,0
21.7,27.7,9.0,43,13,20,79,75,1017.9,1014.7,23.7,25.7,0
13.6,29.9,0.0,35,19,20,59,28,1012.7,1009.0,21.1,29.2,0
19.0,34.7,0.0,35,19,11,28,11,1021.8,1018.5,26.7,33.9,0
10.2,18.1,0.0,41,13,20,72,54,1031.2,1027.6,12.4,17.5,0
12.7,31.0,0.0,37,13,26,44,37,1010.4,1007.4,25.5,28.4,0
17.9,36.8,0.0,39,11,19,19,13,1017.4,1013.5,28.3,34.5,0
14.7,34.6,1.8,39,0,17,77,25,1008.0,1003.8,19.4,31.8,0
4.6,13.2,0.2,28,13,11,58,39,1032.8,1030.2,8.3,12.6,0
14.5,23.5,1.0,31,6,19,84,60,1016.4,1014.8,16.6,22.0,0
13.2,26.6,0.0,39,15,28,67,56,1018.3,1014.6,22.2,25.7,0
7.9,21.5,0.0,37,0,19,89,57,1018.4,1014.3,12.6,20.2,0
17.3,28.0,0.0,33,13,9,27,45,1007.4,1006.0,20.6,26.7,0
12.2,23.4,0.0,35,11,17,72,58,1008.0,1004.0,17.4,22.8,0
17.2,26.1,0.0,46,11,9,68,76,1015.6,1012.5,23.6,24.4,0
20.6,27.7,0.2,31,13,9,57,60,1017.4,1015.9,25.8,24.9,0
10.5,14.3,0.0,19,0,2,89,72,1026.7,1024.9,11.0,14.0,0
19.1,24.9,0.0,24,4,2,81,80,1009.4,1007.8,21.3,24.6,0
-0.5,11.1,0.0,19,4,7,100,67,1033.7,1030.7,4.0,10.7,0
10.7,19.9,0.0,61,33,33,53,29,1021.8,1023.0,13.6,19.0,0
11.9,25.8,0.0,43,22,22,52,17,1019.4,1016.5,17.0,24.1,0
15.3,39.1,0.0,46,24,22,13,17,1010.7,1009.7,33.3,30.9,0
6.5,19.0,0.2,39,17,19,63,55,1026.3,1024.5,13.6,18.9,0
6.8,18.5,0.0,24,9,11,67,46,1026.5,1022.3,12.7,17.9,0
16.2,26.6,0.0,54,15,33,44,53,1024.8,1020.9,21.3,25.4,0
18.9,36.5,0.0,44,30,17,54,40,1013.5,1010.0,26.4,35.5,0
7.6,15.7,3.6,17,6,7,100,49,1021.5,1020.1,9.3,14.6,0
5.7,16.5,0.0,46,7,30,90,59,1009.9,1009.0,9.4,15.3,0
22.4,30.8,145.2,54,13,17,83,75,1006.1,1002.8,25.2,29.8,0
10.2,31.5,0.0,39,17,9,57,21,1023.0,1019.9,15.7,28.3,0
20.3,23.4,0.0,50,28,28,82,76,1020.4,1019.8,21.9,22.6,0
6.6,13.3,4.0,50,31,30,99,75,1004.2,1004.8,9.5,12.8,0
9.3,27.6,0.0,37,15,19,37,19,1021.6,1017.4,19.7,26.6,0
4.3,12.7,0.2,31,15,17,77,54,1019.4,1017.5,7.1,11.8,0
17.0,27.6,0.0,44,20,30,56,60,1015.5,1013.1,24.8,26.4,0
21.0,28.6,0.0,35,17,17,60,61,1019.7,1016.4,27.6,26.8,0
7.8,26.1,0.0,35,15,20,42,40,1019.1,1016.2,19.1,24.2,0
8.6,21.1,2.2,31,17,13,55,50,1021.6,1021.5,18.3,19.3,0
8.0,14.5,0.4,20,6,2,67,53,1036.1,1033.7,10.1,14.1,0
16.6,23.4,27.2,52,13,31,95,54,1004.2,1006.3,18.2,22.3,0
10.5,16.9,1.2,33,15,15,96,76,1014.2,1013.9,12.8,15.9,0
13.4,29.1,0.0,52,24,24,61,27,1020.7,1019.3,17.9,27.5,0
16.7,21.0,0.0,31,2,7,84,87,1018.3,1016.4,19.6,18.7,0
3.7,15.0,0.0,39,9,20,87,61,1018.3,1017.5,12.1,13.5,0
7.9,23.7,0.0,33,9,17,71,49,1021.7,1018.4,16.5,21.8,0
9.5,17.0,0.0,41,20,9,74,55,1017.0,1016.1,12.0,16.8,0
23.9,33.2,0.0,37,26,17,77,43,1014.3,1009.7,27.6,32.5,0
3.5,15.2,0.0,31,11,15,70,53,1028.6,1026.5,11.3,14.6,0
6.4,19.6,0.6,28,6,15,67,48,1026.5,1023.9,13.0,18.3,0
20.0,25.8,0.0,28,7,13,67,52,1022.6,1019.3,22.1,24.1,0
21.4,34.8,0.0,30,4,13,56,47,1011.4,1007.7,28.6,32.9,0
7.8,21.9,0.0,26,7,15,74,38,1021.5,1018.2,14.2,21.6,0
14.3,28.9,0.0,30,17,11,51,20,1015.2,1011.2,16.6,27.7,0
11.3,31.4,0.0,52,9,17,62,19,1014.8,1012.5,19.0,29.3,0
11.9,25.8,0.0,43,19,30,69,36,1019.9,1016.2,17.8,24.9,0
6.0,14.6,2.4,24,6,13,88,69,1026.4,1026.0,10.5,13.7,0
13.3,16.2,0.0,33,22,20,97,88,1021.8,1019.0,13.6,15.5,0
0.7,12.6,5.4,20,2,11,100,79,1031.0,1031.2,3.8,10.2,0
12.9,26.0,0.0,41,15,19,31,17,1017.9,1016.0,18.1,24.5,0
13.2,30.7,0.0,35,17,19,39,20,1017.9,1014.7,18.6,29.0,0
19.4,33.3,11.2,54,24,31,72,23,1011.1,1006.8,23.1,32.6,0
9.1,32.1,0.0,46,7,11,46,15,1015.9,1011.9,18.6,31.1,0
21.0,28.0,0.4,33,17,17,83,60,1016.1,1013.4,23.9,28.3,0
16.9,36.6,0.0,35,20,22,10,7,1018.0,1013.1,26.6,35.4,0
8.1,21.7,0.0,33,13,17,83,49,1019.3,1018.2,12.3,20.9,0
12.4,24.1,0.0,35,13,22,64,60,1024.0,1020.7,15.9,21.0,0
20.0,25.6,0.0,43,11,24,71,69,1010.8,1006.7,24.0,24.7,0
17.9,22.5,1.8,41,15,22,72,36,1012.0,1011.8,19.2,21.6,0
17.1,27.7,0.0,24,6,11,74,48,1020.5,1017.5,21.9,25.1,0
3.0,22.0,0.0,31,11,13,38,17,1022.9,1019.7,14.0,21.3,0
13.7,21.9,0.0,43,15,24,73,58,1012.7,1011.3,16.5,20.5,0
9.7,24.6,0.0,31,17,11,62,43,1024.7,1020.9,16.6,24.6,0
10.7,23.8,0.0,39,11,17,40,26,1015.9,1013.2,15.1,23.7,0
6.9,20.2,0.0,44,11,24,54,31,1021.4,1016.8,12.0,20.0,0
15.8,37.9,0.0,50,0,9,35,26,1011.1,1006.7,26.6,34.1,0
5.6,24.0,0.0,43,9,19,65,37,1017.6,1015.5,15.9,21.5,0
23.8,33.7,0.0,35,17,22,64,37,1010.8,1007.8,28.9,33.3,0
21.0,25.4,0.0,24,7,7,84,81,1013.6,1012.6,22.5,24.4,0
14.1,21.7,0.0,33,7,20,80,52,1031.6,1029.2,17.4,21.0,0
-3.9,14.4,0.0,30,2,15,81,36,1023.8,1020.6,3.0,14.0,0
7.1,16.2,0.0,48,17,26,60,32,1017.5,1014.8,12.3,15.0,0
5.3,14.9,1.0,15,9,4,100,55,1018.1,1015.8,6.9,14.3,0
12.5,24.5,0.0,52,9,19,57,83,1021.2,1018.6,21.3,21.6,0
9.7,34.1,0.0,35,19,20,22,9,1020.3,1014.4,24.0,32.9,0
11.4,19.0,0.0,41,13,19,74,71,1020.2,1017.7,16.8,18.2,0
13.4,26.6,0.0,37,15,20,40,42,1021.9,1018.0,19.7,24.0,0
15.9,27.6,0.0,39,17,17,65,63,1011.1,1009.4,23.0,25.3,0
10.1,24.0,0.0,39,24,19,26,22,1021.6,1018.5,16.7,23.7,0
10.5,19.6,0.8,30,17,9,94,54,1021.0,1017.6,11.3,18.4,0
3.7,21.4,0.0,37,11,17,86,39,1023.5,1018.9,9.1,20.6,0
12.4,34.7,0.0,24,13,19,42,27,1024.0,1020.4,22.6,32.8,0
4.5,16.8,0.0,31,19,13,58,49,1022.7,1020.7,10.7,16.3,0
16.3,22.5,0.0,39,20,22,48,46,1008.4,1010.1,20.1,20.8,0
5.7,18.1,0.0,35,13,13,74,52,1023.0,1019.0,11.7,17.8,0
6.3,21.7,0.2,19,6,9,99,42,1024.2,1020.5,9.4,20.9,0
10.1,31.8,0.0,39,13,13,52,19,1020.9,1017.6,19.8,30.1,0
26.4,33.0,0.0,41,15,31,66,63,1013.9,1011.9,30.9,31.9,0
9.2,35.5,0.0,70,19,39,21,10,1014.2,1009.5,23.5,34.4,0
9.9,14.6,0.0,30,9,13,92,75,1031.6,1030.9,10.9,13.3,0
17.4,24.6,0.0,39,17,22,61,34,1013.5,1014.9,18.4,24.2,0
9.8,28.3,0.0,31,0,19,70,21,1022.5,1018.3,17.8,27.2,0
10.6,24.2,0.0,37,24,15,39,15,1026.8,1022.8,17.5,22.6,0
23.4,34.8,0.0,69,15,22,37,35,1005.0,1005.2,31.3,30.9,0
14.2,30.8,0.0,46,4,17,77,23,1013.2,1009.6,18.1,29.2,0
12.9,26.7,0.0,35,0,26,80,34,1018.1,1014.2,20.4,25.0,0
15.8,26.1,0.0,48,9,15,62,42,1011.5,1010.1,19.1,24.7,0
20.7,29.4,0.0,57,17,35,91,76,1006.6,1000.3,21.7,25.2,0
17.8,26.5,15.2,44,9,24,93,70,1016.7,1013.8,19.9,25.0,0
21.0,26.0,5.0,39,24,24,79,72,1020.2,1018.9,23.7,25.7,0
13.0,37.6,0.0,81,39,52,44,15,1011.0,1006.6,24.2,37.0,0
4.8,19.2,0.0,30,6,17,56,50,1019.6,1017.1,16.7,17.9,0
11.7,31.8,0.0,31,9,17,97,33,1012.9,1009.5,14.7,30.5,0
20.8,34.7,16.8,28,7,7,65,24,1011.7,1008.2,26.0,34.2,0
12.9,22.6,0.4,28,4,13,91,64,1027.2,1023.8,16.8,22.3,0
7.0,16.6,0.0,26,11,11,96,65,1027.9,1026.6,10.2,14.9,0
4.2,17.6,2.8,39,20,22,65,55,1022.4,1021.5,12.2,15.6,0
12.4,18.1,0.0,33,17,19,52,50,1015.2,1015.7,16.2,17.4,0
7.4,14.4,6.4,80,39,41,58,54,1003.7,1006.5,10.5,13.0,0
20.4,25.8,0.0,57,20,37,72,77,1016.6,1012.3,22.7,24.8,0
4.7,17.1,0.2,24,6,15,70,50,1027.5,1026.5,11.2,16.4,0
21.6,42.4,2.2,41,17,20,23,10,1006.6,1002.7,33.6,40.3,0
7.7,18.2,0.0,20,6,9,82,59,1022.5,1019.7,10.9,18.2,0
-3.8,14.2,0.0,35,0,28,99,64,1027.0,1023.0,4.2,12.7,0
4.7,23.7,0.0,26,0,19,83,38,1024.8,1018.3,12.2,23.1,0
9.6,21.7,0.0,31,4,20,89,66,1016.4,1014.7,15.5,21.3,0
5.2,18.8,0.0,15,0,7,71,47,1031.4,1028.1,10.3,18.4,0
12.1,25.8,0.2,50,13,17,36,32,1016.7,1013.7,18.1,23.7,0
6.1,21.1,0.2,54,22,30,89,42,1016.4,1009.0,12.1,20.6,0
19.9,26.8,0.0,33,9,19,65,61,1024.1,1023.3,25.0,24.6,0
7.6,28.1,0.0,39,6,22,60,38,1012.5,1009.5,18.3,26.7,0
6.3,17.8,0.0,52,33,26,41,21,1014.2,1012.2,11.2,15.8,0
11.1,23.2,0.0,35,17,11,54,39,1017.2,1013.4,16.8,21.5,0
9.3,21.2,0.2,33,13,19,43,34,1022.3,1020.7,15.0,20.1,0
12.2,26.1,0.0,24,0,4,98,52,1027.9,1023.7,17.6,26.0,0
16.5,29.4,0.0,33,11,11,65,65,1011.7,1006.8,23.1,26.5,0
4.2,15.4,0.0,28,9,19,93,69,1033.1,1031.7,9.0,13.2,0
16.1,22.4,0.0,48,19,24,60,39,1020.9,1021.4,17.4,21.3,0
10.0,24.1,0.0,50,6,24,98,56,1017.1,1014.0,12.4,23.0,0
14.4,21.1,6.0,52,30,26,62,65,1012.2,1009.5,19.5,19.3,0
-1.1,12.3,0.0,11,0,4,95,47,1027.0,1029.2,1.9,11.6,0
17.5,23.6,0.4,39,13,20,59,47,1008.2,1008.8,21.1,21.2,0
9.4,25.1,8.8,26,2,7,100,40,1015.1,1012.0,11.4,23.8,0
16.6,25.5,0.0,41,19,20,55,37,1010.0,1012.2,22.0,24.1,0
15.3,28.5,0.0,17,4,6,61,35,1018.6,1015.5,22.0,27.5,0
6.0,12.6,0.0,87,41,46,60,52,1019.4,1016.9,10.0,11.8,0
20.1,26.2,0.0,43,20,33,77,75,1017.0,1015.4,23.4,24.8,0
6.5,21.4,0.0,35,7,19,64,32,1021.5,1019.0,13.7,20.6,0
20.4,29.0,0.0,35,11,30,70,54,1016.5,1014.2,26.1,27.4,0
15.6,27.4,0.0,19,6,7,54,34,1018.0,1015.0,22.4,25.3,0
4.8,16.6,0.2,43,0,4,100,80,1027.4,1023.7,7.2,13.4,0
0.6,12.9,0.0,50,9,28,82,43,1023.4,1019.4,2.3,12.6,0
21.6,30.5,0.0,41,17,30,59,53,1014.2,1011.9,28.3,28.6,0
10.2,20.7,0.0,39,17,13,54,38,1014.9,1012.2,13.8,20.2,0
7.4,18.1,0.0,43,26,22,68,25,1029.1,1028.2,11.1,17.1,0
9.8,27.3,0.0,50,11,19,42,20,1021.0,1017.0,17.7,26.5,0
12.2,23.6,12.6,43,17,15,66,47,1015.6,1015.1,15.4,21.8,0
5.4,19.6,0.0,43,20,19,67,40,1026.1,1021.8,9.9,18.3,0
7.4,16.5,0.0,20,4,9,87,62,1023.2,1021.5,10.6,15.6,0
20.6,39.4,0.0,50,17,4,48,25,1013.4,1009.4,28.1,35.6,0
6.1,16.9,0.2,65,30,31,61,39,1010.2,1005.4,10.5,16.0,0
10.7,19.2,0.0,54,33,33,46,42,1018.3,1014.5,14.8,17.8,0
7.8,17.4,0.2,20,6,9,85,60,1024.3,1023.7,11.7,16.0,0
11.6,18.0,0.0,39,24,20,61,48,1028.8,1031.1,13.8,16.8,0
10.4,16.6,4.4,31,11,17,100,80,1018.2,1018.9,11.8,15.4,0
18.8,23.3,0.0,33,22,20,74,70,1019.8,1018.8,21.5,21.6,0
20.5,34.6,0.0,31,13,11,60,35,1011.1,1007.2,24.6,34.0,0
12.8,35.4,0.0,46,9,19,23,10,1016.6,1013.8,19.7,33.3,0
20.1,26.2,0.0,30,9,15,77,71,1014.1,1012.7,25.1,25.0,0
24.6,32.5,0.0,43,20,31,61,57,1011.7,1008.4,28.7,31.3,0
10.5,14.4,0.0,37,13,7,69,62,1028.2,1026.8,11.1,13.3,0
6.6,20.7,2.2,31,2,19,80,45,1020.5,1019.1,14.8,19.7,0
10.5,24.2,0.0,41,17,22,56,52,1019.3,1015.1,18.7,22.8,0
19.7,32.3,0.0,43,17,26,10,5,1016.3,1012.8,23.2,30.8,0
16.2,21.9,1.8,37,22,24,81,46,1019.1,1018.8,18.1,20.9,0
10.8,27.3,0.0,48,22,24,60,22,1019.9,1016.8,13.4,24.7,0
7.0,29.1,0.0,39,11,28,28,15,1019.9,1016.7,22.1,27.0,0
8.0,20.4,0.0,39,19,19,52,35,1019.9,1019.1,15.2,20.1,0
18.2,31.7,0.2,46,15,7,50,25,1014.3,1011.9,22.7,29.9,0
25.9,33.3,0.0,35,0,26,73,59,1009.8,1006.7,30.2,32.7,0
16.6,34.4,0.0,26,13,9,55,23,1016.3,1013.4,20.8,32.0,0
18.0,29.3,0.0,19,2,9,72,36,1021.5,1017.6,22.8,29.0,0
24.7,34.9,18.2,33,11,24,71,58,1014.1,1010.0,28.6,31.4,0
15.6,27.0,0.0,52,15,28,55,21,1015.3,1011.7,21.8,26.2,0
7.2,19.4,0.0,43,20,17,54,44,1023.8,1021.7,14.6,18.9,0
9.3,17.8,0.0,26,15,13,52,40,1023.8,1021.1,13.2,16.3,0
18.7,35.1,0.0,30,15,11,37,9,1014.8,1011.3,24.1,34.0,0
7.4,18.3,0.4,28,6,13,99,50,1024.8,1021.2,9.6,17.5,0
9.0,26.8,0.0,39,24,17,44,25,1023.6,1019.2,18.4,26.3,0
11.0,18.9,0.0,17,7,9,91,65,1017.5,1015.8,13.6,18.3,0
12.4,18.8,21.4,39,19,22,83,45,1016.2,1017.7,14.0,18.7,0
7.8,21.5,0.0,31,17,7,58,35,1009.8,1008.9,12.8,19.9,0
12.6,25.7,0.0,37,11,19,56,48,1017.5,1017.7,20.5,24.1,0
1.1,10.7,0.0,33,19,11,91,61,1018.6,1015.9,2.4,9.3,0
19.7,32.6,0.6,43,20,28,51,17,1021.5,1015.0,20.9,31.8,0
4.3,13.5,0.0,31,13,17,99,67,1031.1,1028.8,8.4,13.1,0
5.4,21.8,0.0,39,13,19,40,19,1021.8,1016.5,13.7,21.0,0
4.2,17.6,0.0,43,0,24,70,45,1021.2,1018.4,11.0,16.8,0
15.5,34.7,0.0,31,6,7,67,39,1018.2,1014.4,24.2,31.6,0
13.2,34.7,0.0,56,17,20,28,10,1010.1,1006.2,23.3,34.0,0
3.1,21.4,0.0,48,13,30,76,31,1023.7,1018.6,8.7,19.5,0
11.2,16.8,0.6,67,24,30,61,45,1015.9,1016.6,12.0,14.9,0
14.1,21.2,0.0,41,26,13,65,71,1026.6,1023.6,16.2,17.7,0
8.3,34.6,0.0,52,9,24,22,7,1013.1,1007.3,22.8,33.8,0
12.8,32.2,0.0,28,4,7,38,14,1023.1,1019.0,18.4,31.7,0
10.8,17.0,8.0,52,11,11,70,61,1017.8,1020.8,12.4,14.6,0
15.8,26.2,0.0,41,6,22,61,52,1014.5,1013.8,19.7,23.5,0
14.2,32.4,0.0,37,13,20,60,20,1016.0,1012.7,21.3,30.2,0
13.3,32.3,0.0,52,31,19,33,13,1021.4,1017.7,23.7,31.5,0
21.4,30.5,0.0,44,4,13,59,80,1006.3,1008.5,25.1,22.7,0
13.3,30.6,0.4,35,6,17,59,23,1014.9,1011.6,20.9,29.2,0
3.9,24.6,0.0,33,0,19,100,45,1017.1,1015.8,8.2,23.5,0
0.0,8.8,0.2,20,6,9,99,72,1026.3,1022.4,0.0,8.2,0
13.5,20.5,0.0,37,13,24,53,41,1025.4,1024.3,16.7,19.3,0
3.4,12.2,11.0,43,13,15,85,63,1020.2,1022.0,6.9,11.4,0
4.4,16.0,0.2,33,15,13,98,64,1012.4,1007.7,8.6,15.1,0
8.5,20.3,0.0,30,13,11,71,44,1029.5,1026.6,12.8,19.8,0
10.8,16.1,3.4,35,19,24,75,79,1030.0,1028.7,13.9,14.9,0
13.7,27.7,0.0,44,20,22,56,21,1019.6,1017.6,17.9,25.6,0
15.1,19.4,0.6,48,22,15,58,48,1016.2,1016.6,17.1,18.0,0
15.3,22.2,0.0,48,24,20,50,42,1017.5,1017.9,18.0,21.4,0
16.6,35.4,0.0,35,13,22,49,40,1019.2,1017.3,26.8,33.0,0
2.1,15.7,0.0,26,9,7,88,48,1023.7,1020.8,9.0,14.1,0
8.8,19.9,0.0,33,20,4,77,46,1024.9,1021.0,10.2,18.9,0
6.8,17.3,0.0,30,11,15,73,54,1025.3,1023.6,11.1,17.1,0
26.8,34.4,2.6,35,11,17,74,58,1008.0,1004.9,31.1,33.9,0
13.4,24.0,0.0,46,20,31,62,60,1025.0,1022.6,21.5,22.9,0
20.8,26.4,0.0,20,7,13,85,73,1014.6,1013.5,22.7,24.1,0
18.2,42.2,0.0,33,11,7,25,8,1012.8,1010.0,29.5,40.7,0
11.0,22.3,0.0,28,6,11,89,52,1016.7,1013.4,13.5,21.1,0
15.8,33.7,0.8,31,0,13,88,37,1021.3,1017.7,20.0,33.1,0
13.2,23.5,0.0,43,19,9,68,50,1016.6,1011.1,16.9,22.2,0
4.8,15.0,0.0,39,13,17,91,50,1030.0,1027.6,7.0,14.8,0
8.2,22.5,0.0,54,19,20,55,38,1017.7,1013.7,14.8,21.7,0
8.6,23.5,0.0,22,2,15,55,62,1024.2,1020.4,19.2,21.9,0
4.1,16.3,0.0,26,0,17,85,63,1031.2,1030.4,8.5,15.7,0
16.8,25.7,0.0,46,6,31,65,61,1018.6,1016.0,22.5,24.1,0
2.6,17.1,0.0,43,4,24,75,49,1030.3,1026.9,8.1,16.2,0
-0.4,16.4,0.0,39,2,20,83,40,1025.3,1025.6,6.8,15.3,0
3.5,16.5,0.0,20,0,7,89,52,1036.9,1032.9,7.2,15.5,0
7.6,18.7,0.0,22,6,9,87,47,1022.0,1019.9,13.3,18.4,0
16.5,27.2,1.0,31,11,11,62,43,1017.9,1014.4,21.9,26.5,0
18.5,33.3,0.0,39,6,15,43,27,1015.0,1012.8,25.7,32.8,0
3.7,21.7,0.2,26,17,15,60,53,1022.6,1017.9,15.0,20.0,0
9.6,17.3,1.8,20,9,2,64,48,1017.4,1015.8,13.7,16.0,0
21.2,41.8,0.0,44,26,17,45,14,1009.8,1005.4,31.6,41.4,0
20.1,33.0,2.6,35,15,15,64,33,999.5,998.6,25.1,31.4,0
11.1,24.0,0.0,48,9,26,45,40,1014.2,1010.1,18.5,21.4,0
15.2,26.5,0.0,35,7,15,70,47,1019.7,1014.8,18.2,24.7,0
7.0,10.7,0.4,48,11,20,57,51,1003.1,1005.7,9.6,10.4,0
10.3,20.3,0.0,28,13,17,89,70,1026.1,1025.7,14.1,18.6,0
14.4,23.5,0.0,43,26,13,37,32,1015.6,1010.9,18.5,22.7,0
10.1,30.5,0.2,41,11,20,57,24,1022.5,1016.4,18.9,28.9,0
15.8,21.8,16.4,50,13,11,96,55,1013.7,1010.7,16.6,20.7,0
13.2,25.0,0.0,43,26,22,85,56,1009.3,1008.6,17.5,23.9,0
11.8,26.6,0.0,41,17,13,47,30,1022.8,1019.0,18.8,26.4,0
4.3,16.7,2.0,52,24,31,51,24,1018.1,1015.2,11.3,16.0,0
3.4,8.9,6.0,30,17,17,100,99,1021.5,1023.4,6.0,8.4,0
10.7,15.7,4.8,26,11,13,75,71,1022.7,1021.6,13.7,13.7,0
20.4,38.5,0.0,43,9,20,28,8,1016.6,1013.8,27.0,36.8,0
19.7,40.3,0.0,57,4,19,12,8,1012.2,1007.8,34.4,38.6,0
15.7,19.9,0.0,44,17,35,73,68,1022.8,1019.2,17.2,18.8,0
7.0,13.9,0.2,13,2,6,96,80,1027.8,1027.1,9.3,13.2,0
13.0,20.7,0.0,33,6,15,76,73,1021.6,1023.1,17.8,19.5,0
3.4,15.9,0.0,17,0,9,96,57,1020.7,1016.0,6.2,15.7,0
5.0,25.8,0.2,33,0,4,100,35,1024.3,1021.2,8.9,23.0,0
20.0,22.6,0.0,48,30,31,83,81,1004.8,1004.1,21.7,21.0,0
15.1,25.6,0.0,26,6,20,80,58,1018.9,1015.0,21.4,24.8,0
1.7,13.0,0.0,20,9,13,81,64,1021.3,1019.6,5.0,10.4,0
9.3,16.4,0.0,44,22,24,46,42,1015.0,1015.0,12.9,14.4,0
21.5,34.3,3.0,26,2,17,63,39,1007.2,1004.9,24.6,31.7,0
12.3,18.9,0.2,28,13,11,62,51,1023.2,1018.8,13.6,17.3,0
12.6,27.1,0.0,65,26,41,37,24,1003.1,1001.1,19.7,26.2,0
13.2,20.8,3.2,31,4,17,96,59,1019.9,1019.6,14.6,19.7,0
6.0,16.9,6.4,39,20,20,78,38,1022.2,1021.3,9.9,16.6,0
13.2,21.8,0.0,31,19,20,71,67,1020.9,1018.4,16.1,18.9,0
8.8,13.5,0.4,35,11,15,99,90,1030.4,1029.4,10.3,11.0,0
6.9,22.1,0.0,30,2,19,78,51,1020.0,1017.8,13.3,18.7,0
3.3,16.3,4.4,24,6,11,99,62,1009.5,1007.0,8.2,15.2,0
20.2,28.4,0.0,43,6,19,56,61,1014.5,1013.1,24.6,25.5,0
12.2,25.4,0.0,31,0,19,64,59,1013.7,1010.3,20.4,24.1,0
-3.6,17.1,0.0,11,0,6,88,40,1036.1,1032.0,2.5,16.4,0
15.2,23.8,0.0,20,4,15,71,59,1021.8,1020.2,19.4,22.9,0
16.7,30.9,0.0,41,15,24,39,23,1012.0,1007.9,22.9,30.4,0
7.4,14.8,13.8,50,19,22,77,81,1012.8,1014.5,10.2,13.0,0
7.6,19.8,0.0,41,11,26,58,36,1022.5,1020.9,13.3,18.6,0
15.7,28.0,0.0,30,11,11,78,42,1019.6,1016.8,16.6,27.3,0
11.5,29.5,0.0,26,0,13,100,41,1021.0,1017.0,17.9,28.0,0
20.7,32.4,0.0,31,20,17,33,24,1010.8,1009.4,22.5,31.1,0
19.2,41.3,0.0,39,6,24,15,6,1010.9,1006.8,33.2,40.1,0
9.8,19.1,0.0,50,22,15,48,32,1019.6,1018.4,12.6,18.4,0
26.1,38.1,0.0,50,17,20,34,43,1006.1,1006.0,36.4,34.3,0
6.2,26.8,0.0,43,19,15,46,28,1018.6,1013.4,18.7,26.2,0
10.8,17.0,8.0,22,9,7,94,83,1025.1,1021.6,11.9,15.8,0
9.0,18.8,0.4,44,22,24,74,51,1017.5,1019.8,13.4,16.2,0
19.8,32.3,0.0,59,24,17,46,22,1020.2,1016.6,24.2,31.7,0
15.8,31.6,0.0,43,19,13,42,17,1014.1,1010.9,20.6,30.5,0
6.9,21.8,4.6,31,6,7,50,34,1020.0,1016.5,16.0,21.8,0
13.3,25.5,0.0,48,13,26,31,47,1019.2,1018.3,21.6,23.3,0
13.8,25.6,0.0,44,13,15,70,35,1019.6,1019.4,17.2,24.3,0
6.2,23.4,0.0,52,17,30,54,25,1028.3,1023.6,15.1,22.7,0
2.7,18.2,0.0,19,7,9,98,61,1030.0,1025.6,4.9,18.0,0
5.8,23.3,0.0,19,11,2,79,33,1031.6,1027.7,12.1,22.7,0
5.3,18.0,0.0,31,11,13,48,44,1022.3,1019.6,12.7,17.8,0
14.3,26.5,0.0,46,11,22,47,44,1022.4,1018.5,20.0,24.3,0
16.7,32.6,0.0,52,30,30,43,18,1016.4,1013.1,19.4,31.2,0
10.8,19.0,0.0,28,4,19,88,71,1028.4,1026.9,16.1,18.1,0
17.3,30.2,0.0,63,30,22,52,33,1012.2,1008.8,22.3,29.5,0
14.8,20.2,3.2,41,13,15,86,70,1014.2,1011.9,15.2,17.9,0
4.4,18.2,0.0,37,24,22,71,43,1026.7,1024.3,11.6,17.6,0
19.3,30.1,0.0,43,30,13,70,43,1021.0,1016.3,22.1,29.1,0
10.0,14.5,0.8,33,17,20,59,61,1024.0,1024.1,11.2,12.7,0
18.3,31.7,0.0,50,24,17,51,31,1016.8,1013.7,23.7,30.3,0
12.6,19.1,0.0,28,2,15,71,51,1022.9,1019.9,13.9,17.8,0
15.8,28.0,0.0,33,9,19,59,50,1015.3,1013.4,20.3,25.5,0
10.6,23.3,0.0,65,28,44,36,24,1009.3,1007.0,18.6,19.6,0
14.4,30.3,0.0,43,17,17,36,22,1017.2,1015.2,19.9,29.4,0
16.3,29.9,0.0,44,17,35,62,49,1014.8,1010.6,23.8,28.2,0
21.0,38.7,0.0,39,7,20,34,29,1011.8,1009.1,31.6,34.6,0
5.9,24.6,0.0,48,9,26,63,24,1015.2,1012.1,15.6,23.9,0
11.8,30.4,0.0,50,26,13,44,20,1016.4,1011.8,16.2,28.1,0
11.2,32.8,0.0,28,13,15,53,58,1017.1,1015.5,22.8,25.5,0
7.5,26.4,0.0,39,9,17,74,20,1017.7,1016.5,16.2,25.1,0
17.7,24.4,0.0,43,24,26,58,55,1021.6,1019.4,21.5,23.6,0
9.7,30.2,0.0,37,7,17,52,18,1017.9,1014.6,18.1,29.7,0
10.8,20.2,0.0,28,13,22,48,52,1016.0,1013.8,17.1,17.5,0
13.2,22.8,0.0,44,15,20,66,35,1015.4,1012.4,16.2,22.0,0
-0.1,17.0,0.0,35,4,24,83,44,1020.3,1016.7,7.0,15.6,0
8.4,21.4,0.0,35,11,22,52,74,1011.5,1012.3,17.5,17.5,0
17.2,36.8,0.0,63,20,24,40,17,1011.8,1007.6,24.9,36.2,0
19.5,33.0,0.0,33,9,17,22,28,1012.3,1011.7,27.5,32.9,0
18.6,25.0,0.0,44,7,22,78,76,1006.1,999.9,23.4,24.2,0
6.7,18.4,5.6,33,7,15,100,42,1019.0,1016.4,9.4,17.8,0
2.2,15.5,0.0,26,7,13,71,44,1027.8,1022.6,8.4,15.1,0
13.4,23.4,0.2,31,9,19,91,60,1016.7,1015.7,16.1,21.7,0
16.4,22.5,1.0,50,31,35,82,47,1015.7,1017.5,18.4,20.8,0
7.6,21.7,0.0,39,6,17,85,42,1021.1,1019.6,13.7,21.2,0
17.6,24.0,0.0,30,15,13,70,67,1014.2,1013.3,22.2,21.8,0
11.4,26.7,0.0,30,11,19,51,25,1028.3,1025.1,16.3,25.7,0
0.2,12.1,0.0,31,4,11,79,46,1026.6,1024.1,5.6,11.6,0
13.7,23.7,0.0,39,7,20,76,38,1015.2,1012.6,16.1,20.4,0
19.9,37.9,0.0,69,22,24,22,48,1002.8,1001.9,36.4,31.0,1
15.9,19.7,15.2,33,7,9,100,82,1007.4,1006.3,16.5,18.9,1
6.2,14.0,0.0,28,0,15,100,74,1023.8,1018.9,9.1,13.4,1
16.4,20.9,4.4,83,30,52,80,79,1010.6,1006.6,17.8,20.1,1
8.5,14.1,1.2,33,20,11,90,88,1028.7,1027.6,9.1,13.7,1
12.3,14.3,5.4,61,20,11,71,62,1013.7,1013.2,13.8,12.7,1
6.2,13.7,5.2,61,20,37,91,73,1020.9,1020.9,9.7,12.6,1
10.9,15.9,0.0,50,9,31,82,47,1003.7,1002.9,11.7,14.5,1
2.6,15.1,0.0,72,17,31,67,64,1006.2,999.4,9.3,11.3,1
15.4,16.6,17.8,50,13,28,98,96,1009.3,1012.3,15.7,13.9,1
7.9,14.4,1.6,39,19,19,100,98,1013.9,1012.1,10.5,13.5,1
7.2,13.0,2.0,61,35,35,72,82,1008.4,1009.2,10.0,9.7,1
7.4,14.3,0.8,31,11,19,84,62,1023.6,1023.2,9.0,13.6,1
17.7,24.9,0.0,70,26,33,75,51,1010.0,1012.5,21.8,23.0,1
12.4,15.4,8.0,41,17,26,95,82,1015.6,1016.8,12.4,14.5,1
15.6,20.9,0.0,26,15,15,85,64,1016.4,1014.5,17.2,19.4,1
15.3,26.4,0.8,54,17,6,56,79,1019.4,1019.7,23.4,21.9,1
15.8,20.7,1.6,37,4,26,84,78,1020.1,1017.4,18.8,19.3,1
23.1,31.3,0.0,26,6,13,66,60,1009.7,1007.8,28.8,30.9,1
13.9,21.3,0.6,28,9,15,87,90,1019.0,1017.8,17.0,16.4,1
20.0,23.0,3.2,41,13,24,88,86,1017.9,1016.6,21.4,22.5,1
12.4,19.2,18.6,48,7,17,100,85,1030.2,1027.8,14.5,17.9,1
6.3,10.9,3.6,19,4,13,89,83,1009.3,1006.9,8.9,10.4,1
13.2,15.9,0.0,39,22,19,74,74,1018.9,1019.7,13.8,14.5,1
9.0,13.9,37.0,69,31,17,82,61,1019.1,1021.7,9.7,12.8,1
9.7,11.4,5.6,35,20,9,78,85,1013.0,1009.7,9.8,10.5,1
12.7,25.7,0.0,67,6,4,71,54,1014.6,1015.0,21.3,23.5,1
9.8,15.0,4.4,28,7,17,97,70,1023.2,1023.1,11.4,13.6,1
11.1,14.4,5.2,31,13,11,95,73,1018.3,1017.5,11.7,13.0,1
9.8,14.0,2.6,50,15,17,95,89,1010.5,1008.5,12.5,11.9,1
11.5,13.1,6.6,50,24,31,93,90,999.6,1001.8,12.2,10.3,1
11.9,12.4,8.2,41,13,11,96,94,1005.9,1005.0,12.2,10.5,1
14.7,25.7,0.0,74,24,26,48,30,1000.9,996.4,19.0,25.4,1
8.6,16.8,0.0,48,26,31,84,78,1015.3,1015.2,13.4,16.0,1
20.7,33.7,1.0,98,15,24,65,45,1007.5,1002.5,26.3,30.9,1
23.1,26.0,37.4,48,17,13,93,76,1009.6,1005.8,23.6,24.7,1
14.4,24.1,0.0,50,9,19,63,49,1010.0,1007.3,18.3,22.1,1
17.9,26.7,0.1,44,19,30,63,80,1009.5,1007.9,23.6,23.6,1
8.9,14.9,2.2,81,37,50,77,50,1012.2,1013.4,9.6,13.2,1
4.5,14.3,4.0,44,15,13,55,80,1018.0,1019.6,11.6,9.6,1
9.2,13.0,22.4,30,11,11,96,97,1006.7,1004.2,12.0,12.7,1
3.2,15.9,1.6,37,13,17,59,71,1020.9,1018.6,10.4,12.4,1
15.1,18.7,0.0,80,30,39,68,40,1016.2,1019.7,15.6,18.0,1
16.0,24.4,2.4,31,4,15,94,63,1023.1,1020.2,17.6,24.0,1
16.2,19.3,22.6,26,2,9,87,65,1027.9,1026.2,17.8,18.8,1
14.3,18.9,1.8,50,26,30,84,57,1012.3,1008.7,14.4,18.0,1
13.8,24.2,7.0,48,17,26,79,48,1003.9,1002.2,16.9,22.5,1
-0.3,11.1,0.0,59,17,26,81,67,1029.0,1024.4,5.2,10.1,1
13.6,17.5,9.8,52,20,20,88,70,1003.4,1000.5,14.8,15.5,1
17.1,24.4,5.0,43,22,28,98,91,1023.5,1022.1,19.0,21.1,1
22.3,23.9,1.4,22,7,6,80,92,1011.9,1008.4,23.6,21.7,1
8.3,17.6,2.4,44,9,11,98,75,1015.2,1012.5,10.6,16.9,1
16.1,22.6,1.8,41,19,20,65,76,1029.2,1028.3,21.1,20.2,1
26.0,33.1,0.0,48,13,26,75,80,1008.2,1006.5,29.9,26.8,1
9.5,18.3,9.8,35,0,13,88,83,1026.3,1023.4,15.7,17.3,1
11.6,18.2,53.0,39,0,20,100,67,1000.5,1001.3,13.5,17.4,1
24.2,31.1,2.0,31,4,26,75,68,1010.1,1008.4,28.1,30.8,1
17.7,24.9,0.2,24,6,2,71,68,1022.2,1019.5,21.8,22.0,1
17.0,19.9,9.0,28,7,11,97,97,1011.9,1008.6,17.3,19.7,1
8.2,11.6,1.4,31,13,11,89,85,1005.7,1006.7,9.2,11.0,1
13.3,25.6,0.0,52,24,31,58,51,1010.8,1009.6,21.6,24.8,1
15.9,21.2,0.2,63,20,22,75,74,1020.4,1016.8,18.3,19.1,1
19.7,21.7,7.0,24,7,13,97,95,1010.9,1010.3,20.3,21.4,1
21.2,26.1,37.2,39,17,15,85,91,1010.6,1008.1,25.5,24.6,1
4.6,15.3,1.0,43,24,20,95,78,1012.4,1010.5,8.5,14.8,1
4.9,14.7,13.4,59,28,39,91,48,995.7,994.1,10.6,12.8,1
7.0,15.1,0.6,22,0,0,99,99,1018.3,1012.9,10.0,13.2,1
14.9,28.5,50.0,56,19,31,79,45,1010.3,1004.6,20.6,27.8,1
19.7,25.6,142.2,41,11,7,96,87,1008.6,1007.2,22.2,23.8,1
19.0,20.5,6.0,37,15,15,89,94,1014.6,1016.9,19.1,17.3,1
10.7,17.2,0.0,30,11,13,61,49,1020.9,1017.4,12.5,16.8,1
22.6,38.8,0.0,81,6,26,42,43,1009.1,1006.6,29.6,32.0,1
16.9,23.9,2.2,28,9,11,84,75,1025.1,1024.1,19.8,22.9,1
12.6,24.0,0.0,35,19,17,80,52,1016.6,1015.1,17.8,23.1,1
19.2,20.0,0.6,43,13,11,94,95,1010.5,1014.4,19.2,16.0,1
7.4,19.8,0.0,80,22,54,64,47,997.9,999.8,16.6,17.6,1
17.2,21.1,48.8,54,9,35,95,81,1021.1,1018.3,17.6,20.5,1
9.4,16.5,0.0,52,31,30,56,80,1014.3,1013.8,12.1,13.1,1
8.3,13.3,8.4,52,20,22,85,68,1006.5,1005.2,9.5,13.1,1
24.4,29.9,0.0,39,13,31,88,64,1015.5,1012.1,25.1,28.5,1
6.7,14.9,0.0,26,7,20,91,98,1023.1,1018.4,9.4,10.7,1
17.3,30.0,3.6,48,11,11,90,87,1012.7,1007.3,19.0,22.4,1
10.7,17.0,12.8,52,26,26,46,52,1015.4,1017.0,14.4,15.2,1
8.0,16.4,5.0,35,0,11,99,83,1022.3,1021.2,12.1,14.9,1
14.6,21.0,0.0,43,11,9,86,75,1011.9,1010.3,16.9,19.2,1
25.3,30.8,0.4,33,9,20,82,89,1008.7,1006.6,28.1,26.0,1
11.8,18.7,0.2,24,7,11,96,96,1017.7,1016.4,16.8,17.6,1
12.0,15.3,0.2,13,7,6,95,96,1019.5,1014.7,14.3,15.0,1
12.1,17.7,6.8,48,22,31,89,75,1029.8,1028.4,12.8,15.3,1
12.8,17.0,13.4,43,6,20,100,99,1001.3,1001.4,13.3,12.4,1
16.9,23.1,1.0,30,9,22,91,75,1012.3,1010.3,16.9,22.3,1
12.4,33.1,0.0,65,13,35,36,9,1014.1,1007.9,21.6,32.6,1
0.5,11.1,0.0,46,19,20,56,69,1016.2,1015.8,8.2,6.3,1
10.2,11.2,13.4,44,22,7,96,85,1020.3,1020.2,10.7,11.0,1
19.8,26.1,9.2,41,22,26,68,58,1010.7,1010.8,22.5,24.6,1
2.1,16.2,0.0,57,9,26,100,45,1021.4,1012.2,6.4,16.1,1
17.1,31.5,0.0,63,15,26,23,30,1006.8,1007.8,25.3,28.6,1
6.8,18.0,0.0,37,9,22,97,55,1017.2,1016.6,10.6,16.9,1
5.8,13.0,12.2,48,7,20,94,72,1007.4,1008.2,7.9,11.3,1
20.5,27.7,2.8,52,20,30,80,68,1017.5,1014.9,23.8,25.9,1
13.3,20.2,1.0,50,7,19,82,64,1013.7,1008.9,16.9,18.5,1
17.3,28.3,0.0,59,39,22,48,46,1006.7,1003.9,24.8,25.6,1
12.9,19.4,12.0,39,19,15,66,64,1012.1,1012.1,16.9,18.4,1
24.9,31.8,0.0,41,13,20,69,63,1006.0,1003.3,29.5,30.8,1
19.4,22.5,0.0,31,9,6,77,84,1023.2,1020.3,20.4,20.4,1
12.9,23.2,25.4,35,6,13,98,62,1013.6,1010.3,14.5,20.7,1
13.1,24.1,6.4,44,4,20,91,82,1009.2,1007.6,17.6,20.1,1
18.8,23.5,4.4,52,0,33,93,81,1022.7,1020.0,19.6,22.3,1
7.9,21.6,0.0,52,11,13,81,27,1017.2,1013.0,11.7,21.3,1
6.7,14.8,0.2,37,15,19,94,61,1017.3,1017.1,11.0,13.1,1
19.4,26.2,20.8,76,44,43,85,57,1025.1,1023.8,23.0,25.2,1
14.4,21.9,2.6,35,13,22,87,56,1026.8,1022.7,15.6,21.1,1
18.5,21.1,2.6,15,0,2,97,93,1024.8,1021.1,18.9,20.7,1
5.2,12.1,22.2,54,22,19,91,70,994.9,995.0,7.7,10.7,1
9.7,18.3,0.0,37,15,15,73,65,1009.7,1004.1,13.5,16.5,1
4.3,18.8,0.0,39,15,22,46,30,1018.9,1015.0,14.1,18.1,1
18.5,28.8,0.0,31,2,9,89,53,1016.7,1014.9,20.4,27.7,1
14.4,21.8,0.6,43,9,22,93,72,1007.5,1010.1,20.1,19.8,1
5.8,13.7,2.4,57,15,28,74,45,1021.6,1024.0,8.1,11.9,1
5.2,11.3,2.2,46,13,20,99,74,1027.8,1024.7,6.6,10.1,1
9.6,15.4,0.2,31,7,13,72,89,1017.9,1016.8,11.7,10.6,1
8.3,12.7,17.8,46,20,20,99,85,1016.7,1018.1,11.8,12.5,1
11.7,15.7,4.4,30,9,17,96,89,1019.9,1018.7,13.0,13.8,1
12.8,20.7,0.6,81,20,26,78,34,999.9,1001.4,14.3,20.4,1
13.8,35.1,0.0,61,2,22,69,27,1015.7,1011.0,18.4,34.1,1
21.7,28.5,0.0,33,6,13,58,60,1017.0,1015.5,26.3,27.4,1
9.7,19.2,0.8,69,43,37,62,28,995.4,992.0,10.7,19.2,1
17.1,25.1,0.0,33,22,28,65,69,1023.6,1020.8,22.6,22.9,1
11.6,20.2,2.0,52,11,26,84,58,1014.5,1012.5,14.9,19.3,1
5.6,17.0,0.0,28,0,11,75,67,1018.1,1014.9,12.1,15.3,1
10.9,22.5,1.2,39,13,20,86,63,1014.5,1011.3,17.6,22.3,1
13.2,17.0,11.0,81,35,33,77,55,1005.3,1009.8,16.5,14.1,1
20.6,29.3,0.2,50,22,31,74,67,1017.6,1014.7,25.5,26.8,1
6.6,14.1,2.0,44,13,28,72,67,1019.8,1018.5,10.3,13.0,1
21.3,23.5,31.6,57,26,30,90,93,1011.9,1009.9,23.3,22.1,1
10.9,25.1,0.0,35,17,26,55,28,1011.7,1007.5,16.0,22.4,1
18.9,21.6,0.4,54,20,28,89,89,1011.8,1006.6,18.9,19.5,1
21.3,27.9,1.2,48,9,24,91,75,1011.2,1008.4,23.9,27.2,1
15.1,24.2,2.0,37,17,17,75,68,1021.8,1019.2,18.9,21.2,1
24.5,31.0,0.4,30,7,17,72,77,1009.9,1006.5,29.2,29.9,1
21.3,28.6,0.0,54,13,17,69,78,1011.2,1008.0,27.1,28.2,1
23.1,30.4,37.2,35,0,15,80,68,1008.9,1006.7,26.5,28.7,1
15.7,19.1,2.4,74,35,48,82,71,1008.2,1005.6,17.0,17.9,1
14.3,20.5,1.4,20,6,9,96,66,1017.9,1016.0,15.5,19.8,1
17.6,23.8,17.0,41,17,28,100,69,1020.9,1018.6,18.3,22.4,1
6.5,11.3,22.0,76,33,39,99,90,998.7,1005.7,8.8,10.1,1
11.7,16.8,9.0,30,7,15,97,89,1010.6,1009.2,13.9,15.3,1
9.0,14.0,35.6,63,31,35,94,60,1015.5,1018.2,12.2,13.6,1
20.0,29.9,0.2,50,15,22,48,62,1006.5,1006.1,25.0,23.5,1
11.6,15.3,0.0,19,9,9,69,94,1021.9,1019.7,13.8,13.6,1
9.4,15.4,0.0,48,28,19,60,42,1009.0,1006.4,11.2,15.0,1
13.4,17.6,0.0,59,28,19,54,62,1015.7,1015.9,15.8,16.2,1
5.0,14.1,11.6,46,15,26,85,90,1017.1,1018.6,10.4,10.2,1
14.9,26.0,0.0,31,7,15,50,55,1018.1,1015.3,23.1,24.4,1
11.4,25.8,0.0,35,4,9,80,49,1011.6,1005.3,14.7,24.6,1
17.6,22.3,0.0,28,2,6,67,88,1006.2,1004.6,20.4,17.2,1
24.6,32.3,1.2,31,20,15,69,54,1006.1,1004.1,27.7,31.7,1
18.5,19.4,12.6,50,35,37,89,92,1013.7,1013.4,18.9,17.8,1
7.7,17.5,0.0,37,15,19,68,53,1023.2,1019.8,12.6,16.4,1
16.2,23.6,0.0,54,19,26,52,54,1020.1,1015.9,20.8,22.4,1
2.9,12.9,0.0,28,11,15,98,87,1021.2,1018.5,8.6,12.0,1
12.7,19.5,0.0,52,30,26,83,69,1015.0,1014.1,15.4,18.3,1
19.3,26.7,8.8,30,6,4,75,83,1019.5,1015.8,24.7,24.2,1
14.6,23.9,0.0,39,17,15,65,33,1017.5,1016.0,17.2,23.2,1
15.5,26.2,0.2,28,9,20,93,61,1018.1,1014.7,18.7,24.1,1
9.1,16.8,1.8,35,9,20,97,73,1026.2,1022.0,11.0,15.8,1
25.5,42.4,0.0,54,30,19,26,17,1007.5,1003.4,34.9,39.1,1
17.0,26.2,0.0,37,4,24,80,73,1020.4,1017.3,20.6,22.5,1
12.1,25.0,0.0,50,19,24,45,64,1008.0,1004.2,19.9,22.1,1
12.6,22.5,0.0,33,2,19,57,41,1011.4,1010.8,18.5,21.5,1
9.4,29.5,0.0,52,2,22,65,34,1021.6,1017.1,19.6,29.1,1
10.7,16.1,0.0,48,19,24,77,75,1019.9,1021.2,14.5,14.5,1
8.8,11.3,0.6,35,15,20,85,99,1020.1,1014.9,10.8,11.1,1
17.3,33.5,0.0,69,7,9,53,40,1009.1,1004.5,25.8,30.5,1
16.9,26.7,10.4,39,11,22,92,48,1022.4,1021.5,19.3,24.9,1
16.4,32.5,0.6,52,17,20,76,50,1009.6,1006.5,22.2,30.8,1
7.4,16.1,3.6,41,19,26,62,64,1011.1,1009.1,10.2,12.8,1
15.6,19.7,61.8,33,2,20,93,95,1016.9,1015.6,16.4,18.0,1
17.3,21.3,0.0,78,41,44,49,79,1009.8,1005.1,18.9,17.6,1
17.2,21.1,48.4,52,22,24,97,95,1004.6,1003.6,18.0,19.2,1
12.0,19.0,8.6,44,22,19,78,74,1009.2,1010.7,16.5,18.6,1
9.0,23.0,0.0,24,9,13,71,45,1018.7,1015.7,14.5,22.6,1
17.7,28.0,0.0,57,13,28,71,49,1017.9,1014.8,21.4,27.0,1
7.0,19.9,0.0,50,15,19,38,61,1003.4,989.8,18.2,17.2,1
23.2,33.8,0.2,67,28,31,29,33,1006.5,1004.5,29.5,31.0,1
6.8,12.8,20.6,80,26,37,81,65,996.9,993.2,10.2,12.5,1
20.4,26.4,0.0,61,2,22,96,77,1012.6,1008.5,22.6,24.8,1
3.6,14.4,4.6,46,17,30,88,76,1021.7,1020.6,7.9,13.5,1
11.8,15.9,0.2,52,30,30,88,79,1022.0,1019.9,12.8,14.6,1
19.6,33.9,0.0,72,31,17,62,28,1020.1,1013.9,24.0,31.9,1
10.9,15.8,0.0,63,20,43,59,70,1015.2,1014.4,13.5,14.7,1
3.3,14.2,1.8,24,6,13,94,69,1020.4,1017.2,9.0,13.0,1
15.1,20.0,0.4,43,2,11,99,77,1020.5,1017.1,16.7,19.3,1
10.6,12.9,24.4,94,31,33,89,86,1017.8,1018.7,11.6,12.8,1
10.0,13.0,7.2,67,9,22,92,91,1000.2,1000.1,11.7,10.3,1
11.4,19.7,0.0,39,11,13,25,94,1016.4,1016.0,17.8,14.2,1
10.3,17.4,0.8,74,17,44,85,46,1016.4,1018.8,13.4,16.5,1
15.3,25.7,0.0,20,11,7,98,65,1015.7,1012.7,18.4,23.6,1
10.9,18.5,0.2,72,26,33,67,77,1008.0,1007.8,15.7,12.8,1
8.3,14.4,6.6,69,22,28,95,78,1012.8,1011.1,10.3,13.9,1
8.9,14.3,3.2,50,13,22,100,76,1015.1,1016.2,12.3,13.2,1
7.7,11.7,14.2,61,26,19,85,73,1006.1,1009.8,8.8,9.8,1
21.8,34.5,5.6,87,9,35,91,58,1001.1,996.0,25.2,31.9,1
8.9,16.8,0.4,52,15,20,69,52,1019.0,1011.6,13.2,16.7,1
21.3,29.6,0.2,37,17,22,72,70,1013.8,1012.3,27.8,28.0,1
9.6,14.1,1.6,43,9,20,85,76,1018.4,1013.0,10.7,11.3,1
19.0,23.5,0.0,44,13,19,72,68,1023.2,1020.4,20.6,22.5,1
1.2,12.4,0.0,59,28,39,81,53,1014.7,1009.6,5.6,12.0,1
4.5,15.3,0.2,74,11,35,83,37,1003.4,1000.4,11.2,15.1,1
10.5,18.4,0.0,37,11,9,51,79,1016.1,1014.0,18.2,17.6,1
18.8,21.9,115.2,46,31,11,99,99,1021.7,1017.9,19.1,19.0,1
14.3,19.0,9.4,46,19,17,73,60,1018.5,1015.9,16.6,18.4,1
6.2,15.3,4.2,33,11,11,93,87,1015.7,1014.1,12.2,14.9,1
16.2,37.2,0.0,50,19,28,24,22,1005.2,1003.6,28.8,34.8,1
15.3,24.2,0.0,30,7,17,72,57,1017.9,1014.3,18.7,23.9,1
23.0,31.4,9.4,59,9,13,89,69,1011.0,1007.0,25.8,30.9,1
8.4,24.2,0.0,33,17,15,80,39,1021.4,1017.1,15.4,24.1,1
7.1,20.1,0.2,22,7,15,80,55,1026.1,1022.9,13.6,19.4,1
20.2,28.4,0.2,46,30,35,59,60,1020.6,1017.9,25.8,26.5,1
19.1,28.9,0.0,48,7,9,39,76,1007.8,1010.1,26.5,21.2,1
4.9,18.4,0.0,33,13,17,65,44,1017.5,1012.7,9.9,18.0,1
15.3,23.8,0.0,52,20,24,91,63,1018.2,1018.3,18.4,22.6,1
24.5,34.7,3.4,48,26,30,73,49,1006.0,1001.9,28.0,33.5,1
18.8,20.1,7.4,52,11,20,97,93,1014.2,1014.7,19.1,19.8,1
12.8,20.2,0.0,17,11,2,71,61,1021.4,1017.8,16.6,19.6,1
6.5,15.3,0.8,26,6,15,90,67,1025.7,1025.7,9.7,15.0,1
15.7,22.5,0.8,72,28,33,78,78,1029.4,1026.7,18.9,20.1,1
9.5,17.5,7.2,70,26,26,76,68,1015.2,1016.5,14.3,17.0,1
21.5,29.9,0.4,50,28,35,81,70,1013.4,1011.6,27.5,28.8,1
7.0,12.4,13.4,67,28,24,86,91,1004.0,1001.7,8.1,8.6,1
3.5,19.1,0.0,50,7,19,68,57,1019.3,1016.1,9.8,17.8,1
3.0,13.0,20.2,52,13,20,99,52,1014.3,1010.8,9.3,11.4,1
15.8,19.7,59.2,57,39,30,95,84,1016.8,1014.7,16.6,18.8,1
25.0,31.1,0.0,37,7,24,87,70,999.2,996.2,26.8,31.0,1
14.0,17.1,4.2,54,31,22,71,68,1021.2,1016.8,15.9,16.3,1
9.6,18.4,0.0,61,30,20,81,68,1019.2,1015.2,14.0,18.1,1
8.0,14.4,4.0,37,15,19,100,94,1011.4,1010.6,9.9,13.0,1
10.3,18.7,0.0,43,11,26,73,72,1020.9,1019.6,14.5,17.8,1
14.9,23.7,26.6,31,9,19,99,88,1022.5,1018.0,18.4,21.3,1
9.0,18.5,1.2,48,11,31,92,43,1013.5,1013.9,13.1,17.5,1
18.2,21.3,0.2,37,9,19,85,69,1016.0,1013.2,18.8,20.1,1
23.4,32.5,33.2,46,13,19,77,61,1011.4,1008.2,27.8,31.3,1
24.3,30.6,11.2,35,20,24,89,70,1012.4,1009.1,25.5,30.2,1
17.7,21.1,1.6,48,13,11,95,91,1014.0,1010.8,18.8,16.8,1
24.1,31.2,90.4,46,17,22,95,70,1008.3,1003.9,25.1,30.2,1
11.5,19.6,0.6,76,44,35,55,100,1000.3,1000.6,16.2,16.2,1
23.4,29.7,32.0,26,15,11,92,70,1011.5,1007.3,24.7,28.9,1
3.7,8.6,4.0,61,24,33,98,93,1019.2,1020.8,5.2,6.1,1
11.9,15.1,2.0,61,37,20,99,98,1002.2,998.1,12.4,14.3,1
16.1,22.3,0.0,56,2,15,63,89,1005.9,1010.5,19.1,13.0,1
10.1,14.1,1.0,59,19,37,63,76,1007.9,1011.3,11.3,12.3,1
10.3,15.6,2.2,61,26,26,78,70,1012.8,1008.8,11.5,14.5,1
12.8,26.1,0.0,41,26,20,52,33,1024.0,1019.5,18.0,24.4,1
5.1,10.8,16.2,83,24,26,78,60,991.7,1002.5,6.0,8.5,1
22.3,26.7,0.0,50,17,39,84,77,1015.2,1016.5,24.6,23.1,1
22.4,26.5,5.0,46,24,22,84,89,1015.8,1013.0,24.5,24.7,1
9.6,19.8,0.0,28,13,17,63,57,1025.6,1023.3,15.5,18.9,1
25.8,31.7,0.4,50,20,31,79,64,1004.1,1001.3,28.7,30.9,1
8.8,17.2,1.8,48,17,24,90,58,1029.7,1027.6,10.9,16.3,1
18.0,22.2,0.0,48,17,22,61,67,1022.6,1019.9,21.0,21.3,1
19.1,24.3,6.4,37,11,19,89,92,1016.8,1015.7,20.9,20.8,1
20.2,24.8,1.0,31,11,20,80,79,1007.4,1005.5,21.9,23.7,1
24.5,31.6,19.2,31,13,24,91,63,1010.5,1007.2,26.4,30.4,1
9.2,18.0,0.0,41,30,17,65,57,1014.4,1015.0,12.1,16.6,1
15.2,24.0,1.2,43,13,33,46,49,1008.2,1004.5,18.0,22.5,1
7.9,17.8,0.0,43,20,20,80,64,1012.9,1011.6,13.7,17.1,1
12.3,16.9,7.2,67,31,41,85,91,1012.7,1012.0,15.4,15.7,1
15.2,18.4,45.8,56,15,20,93,69,998.1,1007.5,15.3,17.5,1
9.2,24.4,0.0,87,37,43,51,29,1009.3,1003.7,17.6,21.3,1
9.2,17.7,0.0,41,17,11,80,77,1013.3,1008.9,13.6,16.2,1
9.2,17.4,0.0,50,24,13,70,94,1015.0,1014.1,11.5,14.6,1
15.1,21.5,11.2,59,7,11,82,69,1022.6,1019.1,15.2,20.3,1
15.0,30.5,0.0,57,19,35,34,20,1017.1,1010.9,22.4,29.3,1
10.9,20.2,0.0,61,17,9,69,33,1011.3,1009.1,12.4,20.0,1
9.6,12.9,11.4,50,19,13,98,91,1008.4,1009.3,10.0,7.2,1
6.9,13.6,9.4,43,13,26,65,55,1011.9,1012.1,9.6,12.8,1
10.3,22.6,0.0,46,11,19,96,48,1013.5,1009.4,12.3,21.6,1
3.3,9.3,2.0,26,6,9,95,88,1016.0,1010.2,6.4,9.0,1
6.9,16.5,0.4,33,22,15,87,91,1006.9,1007.8,11.1,13.1,1
11.6,16.5,2.0,50,30,30,80,81,1023.1,1021.9,14.0,15.4,1
15.7,21.7,23.0,50,19,33,74,75,1016.0,1014.5,18.0,18.8,1
12.6,27.8,0.0,41,9,9,30,15,1017.2,1012.5,19.1,26.3,1
21.0,29.2,0.0,59,19,9,73,74,1011.2,1009.6,24.3,25.7,1
17.3,21.0,2.8,54,11,28,92,92,1022.1,1019.9,18.1,18.0,1
7.9,15.5,3.2,39,9,19,94,87,1026.0,1024.9,11.3,13.6,1
14.9,18.7,0.0,63,30,15,48,51,1018.6,1019.5,15.0,18.2,1
19.5,27.9,0.4,22,0,9,89,54,1008.3,1005.5,20.6,26.8,1
7.1,11.7,0.0,17,0,11,100,98,1022.8,1021.6,8.1,11.1,1
6.1,14.1,3.2,44,26,17,78,68,1018.6,1020.2,11.8,13.6,1
8.7,14.3,1.8,59,11,33,79,97,1021.9,1019.8,10.5,11.4,1
22.1,25.6,367.6,83,20,46,98,98,996.3,996.0,24.3,23.5,1
11.1,19.6,0.2,44,22,28,59,47,993.8,993.1,15.8,18.2,1
19.5,28.1,0.0,63,28,31,50,89,1014.2,1013.9,25.5,22.3,1
11.9,18.3,0.0,59,31,31,71,59,1019.0,1015.8,13.2,18.1,1
14.2,17.0,4.4,37,13,15,75,73,1020.8,1020.4,16.3,16.3,1
2.6,15.9,2.2,30,11,15,100,90,1027.4,1024.4,10.4,14.7,1
22.1,28.1,1.0,39,19,20,76,65,1020.3,1017.9,24.5,27.0,1
24.1,28.5,0.4,41,26,19,79,74,1004.8,1002.2,24.9,26.8,1
14.3,20.5,0.2,37,13,28,79,65,1017.0,1012.7,15.5,18.3,1
8.1,13.0,3.2,26,11,9,99,78,1025.8,1024.7,8.7,12.4,1
-3.9,15.6,0.0,37,2,20,90,38,1019.2,1014.5,2.2,14.5,1
24.7,30.3,0.2,57,4,6,80,98,1017.6,1016.5,26.5,22.3,1
17.3,34.6,0.0,61,31,13,24,25,1006.9,1002.0,26.4,33.9,1
10.1,24.2,0.0,44,9,20,56,33,1008.8,1003.1,17.0,23.7,1
7.7,13.6,3.2,30,7,9,93,99,1012.7,1006.8,10.9,12.1,1
8.0,18.6,0.0,35,13,11,53,59,1025.3,1020.4,16.5,17.1,1
20.6,25.8,2.0,50,24,28,69,66,1020.2,1020.3,23.1,23.0,1
25.3,30.6,0.0,41,15,9,93,81,1011.7,1009.0,25.8,28.1,1
12.2,17.4,0.0,43,13,11,61,90,1012.0,1010.2,16.5,14.8,1
12.7,15.6,1.0,31,15,9,99,84,1014.4,1010.4,13.6,15.3,1
4.8,10.5,9.2,74,0,22,99,71,1001.8,1007.2,6.2,9.4,1
13.9,27.1,0.0,30,15,15,75,46,1016.4,1011.7,18.4,26.0,1
24.9,29.8,7.8,59,17,31,89,74,1002.4,1000.4,26.1,29.5,1
7.7,15.8,0.6,35,22,24,90,73,1022.0,1022.0,10.7,15.2,1
8.8,19.6,1.2,15,11,9,99,89,1024.1,1019.8,10.0,18.7,1
19.4,24.0,10.4,46,24,24,86,84,1014.1,1011.8,21.2,22.9,1
10.1,27.6,20.2,41,7,11,85,48,1017.3,1015.3,15.5,25.7,1
6.1,14.0,1.0,37,7,15,69,80,1011.6,1010.7,9.9,10.5,1
17.2,22.5,2.4,59,26,30,70,70,1024.5,1022.1,21.6,21.9,1
12.3,28.5,0.0,22,0,11,86,45,1019.0,1014.2,15.9,27.2,1
7.2,15.0,0.0,54,17,13,70,91,1005.2,1003.0,12.3,13.5,1
8.7,17.1,16.2,33,11,6,70,65,1004.2,1001.2,11.9,13.3,1
24.2,30.1,0.4,48,30,20,67,70,1011.8,1009.2,28.2,27.2,1
3.7,13.4,23.4,69,17,20,75,70,1004.6,1004.6,5.3,7.2,1
0.5,15.4,0.0,70,22,28,53,68,1017.2,1010.2,9.7,12.9,1
14.4,24.1,0.0,52,15,31,69,57,1017.1,1009.3,18.0,22.4,1
8.6,15.9,9.6,46,17,28,95,92,1001.6,1002.9,12.9,13.3,1
21.7,29.2,1.2,41,9,26,68,70,1011.0,1009.3,27.0,27.0,1
16.7,32.6,0.0,61,28,13,77,33,1008.6,1003.9,20.5,32.2,1
15.6,26.1,1.6,33,2,7,83,47,1012.8,1008.8,19.0,25.3,1
4.8,12.8,0.2,44,22,26,95,76,1019.9,1018.4,8.8,12.0,1
3.6,9.5,1.0,39,17,15,98,94,1004.2,1002.9,6.7,7.4,1
16.8,33.6,6.0,59,22,26,53,69,1005.8,1008.6,23.3,20.0,1
13.0,21.3,1.0,26,13,2,87,63,1020.8,1018.5,13.9,19.9,1
18.4,26.9,1.2,37,20,22,75,60,1021.5,1020.4,21.6,26.2,1
12.6,20.6,0.0,37,9,2,64,88,1022.5,1021.8,18.1,16.2,1
22.3,28.1,36.0,31,20,13,78,76,1012.6,1010.0,25.4,27.1,1
20.8,26.4,0.0,56,24,20,44,62,1014.5,1011.8,22.6,22.7,1
2.0,13.2,0.4,33,20,15,99,98,1018.4,1018.9,8.2,11.3,1
20.3,28.9,12.2,30,9,11,82,47,1020.2,1017.6,22.5,28.5,1
23.7,31.2,1.0,43,6,24,75,60,1007.2,1005.6,26.3,29.8,1
18.8,26.6,6.8,50,28,33,72,62,1022.1,1020.9,24.0,25.5,1
11.3,17.3,31.6,43,19,33,91,82,1017.0,1014.3,14.9,14.6,1
19.5,24.4,8.2,39,13,15,61,56,1022.3,1020.7,22.0,23.8,1
13.1,22.3,0.0,57,22,17,42,82,1006.1,1007.4,17.8,15.4,1
20.5,32.2,4.4,48,9,19,85,55,1004.0,1001.4,22.9,30.2,1
9.8,15.4,7.0,72,20,31,82,74,1014.3,1012.0,11.7,14.4,1
8.1,18.0,0.0,41,22,30,48,56,1023.6,1023.0,14.7,17.2,1
24.8,32.4,7.0,24,2,11,77,63,1018.5,1015.3,28.9,31.6,1
14.4,22.4,0.0,50,7,26,72,75,1018.1,1019.4,18.4,18.1,1
26.6,33.7,0.0,43,9,11,70,83,1009.0,1005.9,31.3,28.3,1
15.3,16.4,0.2,59,26,11,55,85,1005.9,1007.0,16.3,10.3,1
11.0,14.9,0.0,52,11,15,90,71,1019.2,1019.9,11.1,14.4,1
23.0,32.3,17.4,44,19,28,96,93,1003.5,1000.4,23.5,25.4,1
23.3,27.2,0.0,39,20,20,83,82,1020.2,1017.8,24.5,25.3,1
8.6,11.2,3.0,74,30,33,52,64,994.9,995.9,11.1,8.0,1
19.8,27.9,0.0,41,9,17,56,48,1007.7,1007.1,24.3,27.1,1
22.0,27.0,4.6,39,19,30,89,71,1017.6,1014.9,23.2,25.2,1
14.7,23.6,0.8,44,22,15,87,52,1011.6,1006.3,16.6,23.1,1
15.1,25.4,0.0,61,19,26,49,55,1024.6,1022.5,23.1,22.5,1
19.3,22.4,9.2,26,28,4,75,87,1014.7,1014.2,20.8,21.6,1
14.8,27.6,0.0,48,13,22,87,41,1019.5,1016.0,18.0,26.1,1
20.7,36.8,0.0,76,24,26,50,24,1011.6,1007.1,25.5,34.6,1
24.1,38.6,0.2,65,26,9,37,20,1011.2,1006.6,30.3,36.7,1
21.2,23.6,2.8,48,20,24,89,86,1018.1,1016.9,21.4,22.4,1
8.5,17.6,0.0,33,11,24,70,62,1018.1,1016.4,13.5,16.6,1
20.6,25.4,0.0,35,7,22,79,76,1020.1,1019.0,22.2,25.0,1
4.3,18.6,0.0,41,6,19,59,56,1017.4,1012.8,14.1,17.5,1
7.4,14.7,0.6,56,22,26,63,72,1014.6,1011.6,8.7,10.3,1
4.7,18.0,0.0,69,31,41,86,66,1017.6,1012.6,11.3,16.6,1
13.8,21.8,0.2,26,11,22,88,69,1019.1,1014.5,17.0,20.3,1
15.2,19.6,5.0,37,13,22,64,63,1011.1,1011.1,17.4,18.3,1
14.9,35.2,0.0,104,4,19,50,35,1011.1,1007.3,24.2,32.5,1
12.9,18.7,0.2,44,15,22,100,75,1014.2,1014.1,14.2,18.3,1
11.4,24.1,0.0,50,15,30,53,71,1019.7,1016.5,21.0,19.2,1
8.0,23.0,0.0,57,24,19,35,92,1008.5,1010.9,19.3,14.8,1
19.2,27.7,0.0,24,9,11,80,59,1017.4,1016.3,21.8,25.3,1
8.1,14.1,0.2,39,19,26,69,69,1027.3,1026.3,11.9,12.0,1
-2.9,12.2,0.0,22,0,11,87,49,1023.2,1019.1,2.0,11.1,1
6.7,10.5,0.2,52,35,28,82,87,1011.2,1010.8,8.7,8.0,1
12.0,13.2,8.0,59,26,35,96,95,1015.2,1008.7,12.1,12.0,1
2.2,11.5,4.2,46,24,22,94,71,1014.2,1012.2,7.2,10.9,1
13.2,17.5,29.2,59,22,28,82,62,1004.4,1005.8,16.2,16.7,1
0.8,13.6,0.0,31,9,17,58,47,1021.1,1016.3,7.9,12.3,1
12.6,19.9,8.2,30,9,15,87,80,1019.3,1017.7,15.7,18.1,1
13.5,21.1,3.6,48,17,19,88,87,1028.9,1027.1,15.3,18.1,1
18.0,20.2,13.6,43,17,19,94,94,1010.6,1008.1,19.8,19.8,1
16.5,27.3,10.4,28,15,13,82,70,1003.9,1001.0,19.7,22.1,1
20.0,25.6,4.4,41,19,19,81,86,1018.7,1018.0,21.1,21.6,1
8.3,13.4,0.0,52,9,28,68,59,1025.1,1024.5,11.2,12.9,1
13.5,19.3,2.2,35,11,13,90,65,1024.2,1021.7,14.6,18.6,1
12.7,19.4,0.0,37,19,20,77,74,1023.3,1023.5,15.2,17.6,1
14.0,18.9,1.4,50,15,26,90,65,1016.1,1013.7,14.7,18.2,1
16.1,33.3,0.0,26,13,6,54,26,1021.5,1017.7,23.6,31.9,1
8.6,18.7,9.0,69,13,20,93,71,1009.9,1011.1,11.0,15.5,1
14.8,19.0,27.6,96,50,46,86,88,1004.7,1001.5,16.9,17.2,1
5.7,12.6,0.4,37,11,11,95,88,1017.6,1014.9,10.3,12.3,1
3.3,7.2,10.8,61,20,31,96,96,1005.7,1009.3,3.9,6.2,1
15.3,21.4,0.0,33,20,7,31,56,1014.2,1011.3,17.6,18.7,1
12.6,19.0,0.0,37,7,30,75,71,1016.8,1013.7,16.1,16.8,1
7.3,14.3,0.0,39,13,15,59,64,1004.7,999.7,12.6,14.0,1
17.8,22.7,0.0,28,11,0,83,64,1017.7,1015.7,18.5,22.4,1
19.7,29.3,0.0,30,11,15,62,63,1016.4,1012.7,25.9,26.5,1
15.8,24.1,0.0,57,26,33,62,60,1014.8,1013.1,20.7,22.5,1
13.8,17.4,0.6,54,30,28,64,57,1021.2,1019.1,16.0,16.5,1
15.3,21.5,4.4,70,30,22,86,69,997.9,997.6,17.3,19.8,1
14.7,22.7,0.0,52,6,22,61,60,1021.9,1015.9,19.5,21.2,1
6.0,14.0,5.2,56,28,33,100,65,1016.3,1020.0,7.3,12.2,1
16.1,26.4,0.6,67,0,7,61,92,1009.7,1006.4,20.9,20.8,1
16.0,22.4,35.8,54,7,22,99,75,1006.4,1004.7,17.1,19.2,1
10.5,32.7,0.4,69,13,30,89,29,1019.3,1009.4,15.2,31.8,1
12.2,16.8,86.4,48,31,22,78,90,1028.0,1025.3,15.6,14.4,1
9.1,15.3,12.4,65,20,20,88,77,1011.5,1014.2,11.9,14.3,1
15.8,18.2,5.0,20,9,7,96,85,1021.2,1018.4,16.1,17.9,1
23.5,30.8,8.8,50,22,31,73,62,1013.0,1010.1,27.5,29.3,1
2.1,14.7,0.0,26,6,15,97,76,1019.7,1015.7,4.9,13.2,1
19.6,25.9,0.4,41,4,9,92,90,1005.3,1002.2,22.3,22.9,1
12.9,16.9,0.4,35,9,9,92,96,1022.7,1020.5,14.5,15.7,1
11.9,15.9,6.4,46,6,17,92,59,1010.2,1012.8,12.9,15.2,1
12.5,13.6,0.0,52,31,30,70,99,1018.6,1015.5,13.4,11.8,1
10.4,27.6,0.0,61,6,26,56,27,1020.5,1013.9,18.6,26.6,1
26.2,34.3,0.0,54,4,17,58,58,1011.2,1007.4,31.1,32.4,1
18.8,28.8,5.6,46,26,30,69,54,1007.4,1006.1,20.7,25.6,1
21.3,27.2,2.2,67,46,37,58,53,1020.4,1018.4,24.6,25.3,1
7.4,23.7,0.0,50,30,31,50,22,1014.0,1008.1,14.4,22.5,1
19.1,27.9,1.2,48,13,30,80,81,1011.3,1008.0,22.6,22.8,1
21.4,27.4,2.6,56,15,17,54,66,1006.6,1011.0,25.2,18.4,1
13.3,27.8,0.0,39,24,26,41,19,1019.7,1017.0,18.6,26.4,1
5.3,12.5,0.2,31,7,15,91,68,1004.6,1001.7,6.6,11.6,1
5.6,16.2,0.0,33,19,11,58,55,1008.7,1008.4,11.7,15.7,1
16.5,18.9,4.2,44,26,24,96,79,1017.4,1017.5,16.9,18.3,1
6.1,14.7,1.4,65,15,35,92,58,1012.1,1009.7,6.8,14.3,1
18.6,25.9,2.0,37,24,28,87,58,1016.5,1012.2,20.2,25.4,1
11.5,15.0,3.0,72,43,35,83,76,1008.6,1015.6,13.3,14.6,1
12.6,14.7,8.0,41,13,11,97,97,1010.1,1006.8,13.1,12.9,1
18.4,24.7,14.8,41,22,19,100,76,1011.2,1011.0,19.9,23.7,1
12.7,17.0,12.8,48,31,31,63,63,1026.9,1026.1,15.4,16.6,1
28.3,33.8,0.0,39,19,30,80,64,1006.3,1003.6,30.0,33.5,1
12.3,21.9,1.6,20,2,13,100,73,1013.6,1009.8,14.8,20.6,1
23.8,28.6,15.4,33,15,15,88,94,1007.7,1007.4,25.0,24.1,1
13.3,28.6,0.0,54,7,31,91,51,1009.6,1004.1,17.9,25.4,1
14.1,17.5,0.0,20,7,6,92,96,1031.5,1027.4,15.6,17.2,1
18.6,19.0,0.8,67,31,13,67,76,1014.2,1018.8,19.0,16.9,1
20.1,36.7,0.0,63,13,13,32,19,1009.5,1005.2,26.3,35.1,1
9.7,14.7,23.2,35,9,13,96,94,1020.0,1016.4,12.6,14.7,1
26.1,33.7,0.4,39,15,30,72,60,1007.8,1003.7,30.5,31.7,1
6.4,16.7,0.0,39,9,11,67,57,1017.7,1013.1,12.0,14.4,1
15.0,20.0,8.8,41,6,9,94,90,1016.9,1012.6,17.9,19.1,1
14.2,25.3,0.0,52,4,26,71,66,997.5,994.9,18.4,21.8,1
18.6,19.7,14.0,61,37,33,91,94,1014.5,1015.1,19.2,18.4,1
12.8,27.2,1.2,70,22,20,57,34,1014.5,1010.6,17.8,26.7,1
10.9,16.9,1.2,26,11,7,79,70,1025.7,1021.2,13.3,16.1,1
25.4,33.1,0.0,33,4,22,78,63,1010.2,1006.9,29.9,32.7,1
13.9,20.9,0.0,26,13,11,64,94,1006.2,1004.6,20.3,19.0,1
20.6,23.3,0.0,30,17,13,79,78,1012.4,1011.8,21.1,20.6,1
8.2,22.1,0.0,33,17,19,74,45,1019.9,1015.8,13.1,21.9,1
14.0,15.5,23.2,24,11,11,96,97,996.3,993.2,14.9,15.2,1
18.7,20.8,13.4,22,9,13,92,95,1012.3,1011.9,19.8,19.6,1
11.8,19.9,0.2,24,11,17,80,74,1025.4,1022.3,15.6,18.0,1
14.6,14.8,1.0,54,26,15,78,91,998.7,1001.1,14.7,10.9,1
5.1,12.5,1.4,54,26,35,77,65,1015.7,1017.0,9.2,11.4,1
11.3,19.4,0.0,39,15,19,62,47,1022.5,1018.9,15.2,18.6,1
18.0,20.7,0.2,70,44,35,86,80,1030.0,1028.2,20.0,18.5,1
20.9,23.5,0.4,52,26,30,93,96,1011.9,1010.7,22.0,21.8,1
6.4,13.0,0.0,43,15,13,89,89,1027.0,1022.3,10.3,11.9,1
11.9,36.6,0.0,52,2,22,34,16,1008.8,1003.4,22.7,35.3,1
14.0,23.3,5.2,46,26,28,62,59,1019.3,1018.7,19.7,21.9,1
-0.1,17.2,0.2,50,0,19,99,65,1026.0,1022.8,2.5,15.5,1
8.1,19.1,13.4,41,2,7,65,47,1002.1,1004.0,14.4,17.9,1
10.2,16.8,0.2,43,9,22,54,68,1017.1,1019.3,15.8,12.8,1
19.3,28.0,0.0,31,9,15,72,72,1015.9,1014.0,22.5,26.6,1
21.8,29.4,8.0,41,17,20,79,58,1007.1,1004.9,22.9,28.8,1
7.1,15.1,0.0,44,6,20,95,82,1016.2,1017.1,11.4,11.8,1
25.5,31.7,1.0,43,28,28,83,67,1006.0,1003.2,26.7,29.7,1
26.3,40.4,0.0,54,24,15,48,19,1012.8,1009.4,30.4,38.7,1
15.0,25.0,0.0,19,7,11,75,54,1026.0,1023.2,20.8,24.2,1
9.8,17.3,1.4,72,26,24,59,55,1010.9,1009.8,13.3,13.6,1
10.3,12.6,10.6,50,20,28,95,63,1024.7,1024.4,10.4,11.6,1
9.8,15.8,0.0,35,6,19,88,68,1023.0,1018.6,11.9,14.8,1
8.1,24.8,0.0,39,13,20,60,31,1025.3,1019.9,15.9,22.7,1
27.1,33.4,0.0,50,20,17,85,65,1006.7,1004.0,28.2,31.9,1
1.0,20.0,0.0,39,7,17,66,29,1014.9,1010.3,12.1,19.4,1
7.5,19.6,0.8,56,30,22,86,81,1022.8,1021.8,12.6,15.3,1
3.0,9.1,4.2,59,17,24,91,77,1007.3,1011.9,4.8,5.6,1
10.7,14.6,36.4,63,9,31,99,67,993.3,993.5,10.9,13.2,1
11.8,21.1,0.2,48,13,19,84,45,1005.5,1002.9,14.9,20.4,1
15.3,20.2,3.4,76,24,41,73,59,1006.4,1005.2,17.2,19.5,1
9.7,14.1,7.0,70,15,22,92,89,1007.4,1006.8,12.2,13.9,1
28.2,33.6,0.0,41,19,26,73,60,1010.1,1006.7,30.6,32.8,1
13.0,27.8,15.2,76,7,17,95,75,1008.9,1006.0,18.5,24.2,1
8.0,25.6,0.0,46,13,26,37,49,1014.5,1011.5,18.6,22.9,1
18.5,24.0,11.2,33,9,9,91,88,1011.8,1009.2,22.1,22.3,1
9.0,16.2,0.0,61,15,26,76,96,1009.8,1005.9,14.4,14.5,1
18.1,27.2,0.0,69,11,19,54,29,1016.9,1011.6,19.9,26.6,1
14.8,21.7,0.0,43,22,17,68,65,1014.5,1012.0,18.5,20.2,1
14.2,17.1,25.0,50,30,13,75,93,1033.1,1031.1,17.0,14.6,1
11.1,16.4,2.0,67,37,31,80,68,1012.5,1016.8,13.2,14.5,1
8.2,12.4,4.8,80,44,41,90,65,1007.3,1009.1,8.8,10.1,1
21.4,28.1,0.6,44,7,17,73,65,1011.5,1011.3,24.0,23.7,1
15.8,22.1,33.8,43,13,24,89,88,1014.7,1011.7,17.4,19.4,1
